{
  "by_condition": {
    "axon": {
      "n": 70,
      "valid_pct": 64.28571428571429,
      "ok_pct": 94.28571428571428,
      "fidelity": 0.8477471428571428,
      "fidelity_sd": 0.29860315218000755,
      "ntok": 27.042857142857144,
      "ctok": 1092.6666666666667,
      "latency": 28.059136363636362,
      "decoded_n": 63,
      "decoded_fidelity": 0.9419412698412698,
      "emitted_ntok": 30.047619047619047,
      "eff_tokens": 31.899673588654302
    },
    "json": {
      "n": 70,
      "valid_pct": 100,
      "ok_pct": 100,
      "fidelity": 0.9380442857142858,
      "fidelity_sd": 0.10477745482104205,
      "ntok": 37.57142857142857,
      "ctok": 747.9285714285714,
      "latency": 21.926714285714286,
      "decoded_n": 70,
      "decoded_fidelity": 0.9380442857142858,
      "emitted_ntok": 37.57142857142857,
      "eff_tokens": 40.05293688540443
    },
    "json_schema": {
      "n": 70,
      "valid_pct": 97.14285714285714,
      "ok_pct": 97.14285714285714,
      "fidelity": 0.9316328571428572,
      "fidelity_sd": 0.18152425553897636,
      "ntok": 50.57142857142857,
      "ctok": 642.8235294117648,
      "latency": 17.60125,
      "decoded_n": 68,
      "decoded_fidelity": 0.9590338235294118,
      "emitted_ntok": 52.05882352941177,
      "eff_tokens": 54.28257299395991
    },
    "struct_english": {
      "n": 70,
      "valid_pct": 98.57142857142858,
      "ok_pct": 98.57142857142858,
      "fidelity": 0.9278571428571428,
      "fidelity_sd": 0.1554461437020447,
      "ntok": 35.94285714285714,
      "ctok": 790.1014492753624,
      "latency": 21.457753623188406,
      "decoded_n": 69,
      "decoded_fidelity": 0.941304347826087,
      "emitted_ntok": 36.46376811594203,
      "eff_tokens": 38.73749037721324
    },
    "fipa_acl": {
      "n": 70,
      "valid_pct": 97.14285714285714,
      "ok_pct": 97.14285714285714,
      "fidelity": 0.9152471428571428,
      "fidelity_sd": 0.20056370752843353,
      "ntok": 42.67142857142857,
      "ctok": 976.0588235294117,
      "latency": 23.356411764705882,
      "decoded_n": 68,
      "decoded_fidelity": 0.9421661764705882,
      "emitted_ntok": 43.9264705882353,
      "eff_tokens": 46.62284816123046
    }
  },
  "by_condition_level": {
    "axon|L1": {
      "n": 20,
      "valid_pct": 90.0,
      "ok_pct": 95.0,
      "fidelity": 0.89,
      "fidelity_sd": 0.29983328701129897,
      "ntok": 18.35,
      "ctok": 754.3684210526316,
      "latency": 31.564,
      "decoded_n": 18,
      "decoded_fidelity": 0.9888888888888889,
      "emitted_ntok": 20.38888888888889,
      "eff_tokens": 20.617977528089888
    },
    "json|L1": {
      "n": 20,
      "valid_pct": 100,
      "ok_pct": 100,
      "fidelity": 0.9675,
      "fidelity_sd": 0.0779021822544144,
      "ntok": 25.75,
      "ctok": 509.75,
      "latency": 22.9919,
      "decoded_n": 20,
      "decoded_fidelity": 0.9675,
      "emitted_ntok": 25.75,
      "eff_tokens": 26.614987080103358
    },
    "json_schema|L1": {
      "n": 20,
      "valid_pct": 100,
      "ok_pct": 100,
      "fidelity": 0.975,
      "fidelity_sd": 0.075,
      "ntok": 39.45,
      "ctok": 424.4,
      "latency": 21.31425,
      "decoded_n": 20,
      "decoded_fidelity": 0.975,
      "emitted_ntok": 39.45,
      "eff_tokens": 40.46153846153847
    },
    "struct_english|L1": {
      "n": 20,
      "valid_pct": 100,
      "ok_pct": 100,
      "fidelity": 0.9875,
      "fidelity_sd": 0.054486236794258416,
      "ntok": 27.25,
      "ctok": 648.65,
      "latency": 25.0305,
      "decoded_n": 20,
      "decoded_fidelity": 0.9875,
      "emitted_ntok": 27.25,
      "eff_tokens": 27.594936708860757
    },
    "fipa_acl|L1": {
      "n": 20,
      "valid_pct": 100,
      "ok_pct": 100,
      "fidelity": 0.9875,
      "fidelity_sd": 0.054486236794258416,
      "ntok": 35.8,
      "ctok": 959.1,
      "latency": 29.0588,
      "decoded_n": 20,
      "decoded_fidelity": 0.9875,
      "emitted_ntok": 35.8,
      "eff_tokens": 36.25316455696202
    },
    "axon|L2": {
      "n": 30,
      "valid_pct": 56.666666666666664,
      "ok_pct": 93.33333333333333,
      "fidelity": 0.86,
      "fidelity_sd": 0.33921477955222806,
      "ntok": 30.133333333333333,
      "ctok": 1064.2142857142858,
      "latency": 24.992142857142856,
      "decoded_n": 26,
      "decoded_fidelity": 0.9923076923076923,
      "emitted_ntok": 34.76923076923077,
      "eff_tokens": 35.03875968992248
    },
    "json|L2": {
      "n": 30,
      "valid_pct": 100,
      "ok_pct": 100,
      "fidelity": 0.9366633333333333,
      "fidelity_sd": 0.10340474355119735,
      "ntok": 41.53333333333333,
      "ctok": 854.9333333333333,
      "latency": 24.1781,
      "decoded_n": 30,
      "decoded_fidelity": 0.9366633333333333,
      "emitted_ntok": 41.53333333333333,
      "eff_tokens": 44.34179481065769
    },
    "json_schema|L2": {
      "n": 30,
      "valid_pct": 96.66666666666667,
      "ok_pct": 96.66666666666667,
      "fidelity": 0.9533333333333334,
      "fidelity_sd": 0.18390818965511627,
      "ntok": 54.7,
      "ctok": 697.3103448275862,
      "latency": 15.041344827586206,
      "decoded_n": 29,
      "decoded_fidelity": 0.9862068965517241,
      "emitted_ntok": 56.58620689655172,
      "eff_tokens": 57.37762237762238
    },
    "struct_english|L2": {
      "n": 30,
      "valid_pct": 100,
      "ok_pct": 100,
      "fidelity": 0.9100033333333333,
      "fidelity_sd": 0.13502074034096476,
      "ntok": 39.93333333333333,
      "ctok": 790.5,
      "latency": 19.627933333333335,
      "decoded_n": 30,
      "decoded_fidelity": 0.9100033333333333,
      "emitted_ntok": 39.93333333333333,
      "eff_tokens": 43.88262314057457
    },
    "fipa_acl|L2": {
      "n": 30,
      "valid_pct": 96.66666666666667,
      "ok_pct": 96.66666666666667,
      "fidelity": 0.96,
      "fidelity_sd": 0.1818424226264781,
      "ntok": 46.2,
      "ctok": 911.8275862068965,
      "latency": 20.41862068965517,
      "decoded_n": 29,
      "decoded_fidelity": 0.993103448275862,
      "emitted_ntok": 47.793103448275865,
      "eff_tokens": 48.12500000000001
    },
    "axon|L3": {
      "n": 20,
      "valid_pct": 50.0,
      "ok_pct": 95.0,
      "fidelity": 0.787115,
      "fidelity_sd": 0.20949150167727568,
      "ntok": 31.1,
      "ctok": 1472.8947368421052,
      "latency": 29.074052631578947,
      "decoded_n": 19,
      "decoded_fidelity": 0.8285421052631579,
      "emitted_ntok": 32.73684210526316,
      "eff_tokens": 39.51138016681171
    },
    "json|L3": {
      "n": 20,
      "valid_pct": 100,
      "ok_pct": 100,
      "fidelity": 0.91066,
      "fidelity_sd": 0.12122764701172747,
      "ntok": 43.45,
      "ctok": 825.6,
      "latency": 17.48445,
      "decoded_n": 20,
      "decoded_fidelity": 0.91066,
      "emitted_ntok": 43.45,
      "eff_tokens": 47.71264796960446
    },
    "json_schema|L3": {
      "n": 20,
      "valid_pct": 95.0,
      "ok_pct": 95.0,
      "fidelity": 0.855715,
      "fidelity_sd": 0.22498836475471348,
      "ntok": 55.5,
      "ctok": 789.578947368421,
      "latency": 17.600052631578947,
      "decoded_n": 19,
      "decoded_fidelity": 0.9007526315789474,
      "emitted_ntok": 58.421052631578945,
      "eff_tokens": 64.85804268944683
    },
    "struct_english|L3": {
      "n": 20,
      "valid_pct": 95.0,
      "ok_pct": 95.0,
      "fidelity": 0.894995,
      "fidelity_sd": 0.22168058885477546,
      "ntok": 38.65,
      "ctok": 938.3684210526316,
      "latency": 20.586157894736843,
      "decoded_n": 19,
      "decoded_fidelity": 0.9421,
      "emitted_ntok": 40.68421052631579,
      "eff_tokens": 43.18459879664132
    },
    "fipa_acl|L3": {
      "n": 20,
      "valid_pct": 95.0,
      "ok_pct": 95.0,
      "fidelity": 0.775865,
      "fidelity_sd": 0.24610865136154805,
      "ntok": 44.25,
      "ctok": 1091.9473684210527,
      "latency": 21.837894736842106,
      "decoded_n": 19,
      "decoded_fidelity": 0.8167,
      "emitted_ntok": 46.578947368421055,